調味名稱,攤位,攤商名稱,品牌,來源(產地),夜市名稱,_id
芝麻粉,饒河街10攤位,狀元糕,點點雜糧,新北市三重區雙園街57巷5號,饒河街觀光夜市,63
花生粉,饒河街10攤位,狀元糕,點點雜糧,新北市三重區雙園街57巷5號,饒河街觀光夜市,64
糖,饒河街10攤位,狀元糕,台灣糖業股份有限公司,台南市仁德區田厝里文華路2段326號,饒河街觀光夜市,65
胡椒粉,饒河街23號攤位,永哥爆漿好吃雞腿捲,老公仔標(統隆企業有限公司),台北市北投區立德路121巷18號,饒河街觀光夜市,66
沙拉油,饒河街25號攤位,現炸魷魚船,美食家食材通路股份有限公司,台南市安平區永華路二段373號,饒河街觀光夜市,67
芥末,饒河街25號攤位,現炸魷魚船,現炸魷魚船(臺中總店),臺中市北屯區經貿一路168巷225號,饒河街觀光夜市,68
胡椒,饒河街25號攤位,現炸魷魚船,現炸魷魚船(臺中總店),臺中市北屯區經貿一路168巷225號,饒河街觀光夜市,69
泰式酸辣醬,饒河街25號攤位,現炸魷魚船,現炸魷魚船(臺中總店),臺中市北屯區經貿一路168巷225號,饒河街觀光夜市,70
胡椒粉,饒河街26攤位,北極螺,天裕行(其美有限公司),台北市信義區松山路156之1號,饒河街觀光夜市,71
辣粉,饒河街26攤位,北極螺,天裕行(其美有限公司),台北市信義區松山路156之1號,饒河街觀光夜市,72
鹽,饒河街26攤位,北極螺,台鹽實業股份有限公司,苗栗縣通霄鎮內島里122號,饒河街觀光夜市,73
醬油,饒河街27攤位,深海大魷魚,萬家香醬園股份有限公司,台北市中山區德惠街9號5樓之6,饒河街觀光夜市,74
沙茶醬,饒河街攤商號碼304,玉米哥直立式炭烤玉米,勝益興食品有限公司,高雄市三民區遼北街7號,饒河街觀光夜市,75
糖,饒河街攤商號碼304,玉米哥直立式炭烤玉米,台灣糖業股份有限公司,台南市仁德區田厝里文華路2段326號,饒河街觀光夜市,76
醬油,饒河街攤商號碼304,玉米哥直立式炭烤玉米,新亞醬園,新北市蘆洲區長安街285巷18號1樓,饒河街觀光夜市,77
鹽,饒河街攤商號碼304,玉米哥直立式炭烤玉米,台鹽實業股份有限公司,苗栗縣通霄鎮內島里122號,饒河街觀光夜市,78
糖,饒河街33號攤位,健康鮮果汁,台灣糖業股份有限公司,台南市仁德區田厝里文華路2段326號,饒河街觀光夜市,79
胡椒粉,饒河街34攤位,碳霸海鮮燒烤,天裕行(其美有限公司),台北市信義區松山路156之1號,饒河街觀光夜市,80
沙拉油,饒河街32攤位,饒河鳥蛋蝦球,美食家食材通路股份有限公司,台南市安平區永華路二段373號,饒河街觀光夜市,81
胡椒鹽,饒河街32攤位,饒河鳥蛋蝦球,小磨坊國際貿易股份有限公司,台中市西屯區工業區一路70號7樓之1,饒河街觀光夜市,82
海苔粉,饒河街32攤位,饒河鳥蛋蝦球,小磨坊國際貿易股份有限公司,台中市西屯區工業區一路70號7樓之1,饒河街觀光夜市,83
金梅醬油膏,饒河街223號攤位,原住民山豬肉香腸,新亞醬園,新北市蘆洲區長安街285巷18號1F,饒河街觀光夜市,84
海鹽,饒河街79號,生蠔哥海鮮炭烤,Kirkland Signature 科克蘭研磨地中海海鹽,法國,饒河街觀光夜市,107
黑胡椒,饒河街223號攤位,原住民山豬肉香腸,飛馬牌(濟生股份有限公司),台北市大同區安西街116號,饒河街觀光夜市,85
蒜泥,饒河街223號攤位,原住民山豬肉香腸,歸綏街批發市場,臺北市歸綏街,饒河街觀光夜市,86
靜岡芥末,饒河街223號攤位,原住民山豬肉香腸,歸綏街批發市場,臺北市歸綏街,饒河街觀光夜市,87
胡椒粉,饒河街43攤位,烤野生生蠔,天裕行(其美有限公司),台北市信義區松山路156之1號,饒河街觀光夜市,88
沙拉油,饒河街45號對面,炸彈蔥油餅,大統益股份有限公司,台南市官田區二鎮里工業西路32號,饒河街觀光夜市,89
醬油,饒河街45號對面,炸彈蔥油餅,萬家香醬園股份有限公司,台北市中山區德惠街9號5樓之6,饒河街觀光夜市,90
鹽,饒河街45號對面,炸彈蔥油餅,台鹽實業股份有限公司,苗栗縣通霄鎮內島里122號,饒河街觀光夜市,91
胡椒粒,饒河街173攤位,乾燒蛤,福利蔥蒜行,台北市大同區歸綏街246號,饒河街觀光夜市,92
沙拉油,饒河街61號攤位,一口煎餃,台灣糖業股份有限公司,台南市仁德區田厝里文華路2段326號,饒河街觀光夜市,93
醬油,饒河街61號攤位,一口煎餃,萬家香醬園股份有限公司,台北市中山區德惠街9號5樓之6,饒河街觀光夜市,94
沙拉油,饒河街63號店面右邊,老芋頭仔芋頭酥,大成長城企業股份有限公司,台南市永康區蔦松二街3號,饒河街觀光夜市,95
糖,饒河街63號店面右邊,老芋頭仔芋頭酥,台灣糖業股份有限公司,台南市仁德區田厝里文華路2段326號,饒河街觀光夜市,96
香油,饒河街64號攤位,黑仔滷味,辰邦股份有限公司,新北市新莊區化成路403巷47號,饒河街觀光夜市,97
糖,饒河街64號攤位,黑仔滷味,台灣糖業股份有限公司,台南市仁德區田厝里文華路2段326號,饒河街觀光夜市,98
醬油,饒河街64號攤位,黑仔滷味,萬家香醬園股份有限公司,台北市中山區德惠街9號5樓之6,饒河街觀光夜市,99
鹽,饒河街64號攤位,黑仔滷味,台鹽實業股份有限公司,苗栗縣通霄鎮內島里122號,饒河街觀光夜市,100
胡椒粉,饒河街66攤位,鹽酥雞,天裕行(其美有限公司),台北市信義區松山路156之1號,饒河街觀光夜市,101
辣椒粉,饒河街66攤位,鹽酥雞,天裕行(其美有限公司),台北市信義區松山路156之1號,饒河街觀光夜市,102
玉米粒,饒河街51號前,貝克現烤馬鈴薯,無品牌,泰國進口,饒河街觀光夜市,103
沙拉油,饒河街76號店面,旺角,佳格食品股份有限公司 ,台北市大安區仁愛路三段136號5樓,饒河街觀光夜市,104
糖,饒河街76號店面,旺角,台灣糖業股份有限公司,台南市仁德區田厝里文華路2段326號,饒河街觀光夜市,105
胡椒粉,饒河街79號,生蠔哥海鮮炭烤,台灣第一家有限公司,新北市土城區成功街2-1號(土城工業區),饒河街觀光夜市,106
細砂糖,饒河街79號,生蠔哥海鮮炭烤,台灣糖業股份有限公司,台南市仁德區田厝里文華路2段326號,饒河街觀光夜市,108
醬油,饒河街79號,生蠔哥海鮮炭烤,金蘭食品股份有限公司,桃園市大溪區介壽路236號,饒河街觀光夜市,109
糖,饒河街90號攤位,王記高粱酒香腸,台灣糖業股份有限公司,台南市仁德區田厝里文華路2段326號,饒河街觀光夜市,110
鹽,饒河街90號攤位,王記高粱酒香腸,台鹽實業股份有限公司?,台南市南區健康路1段297號,饒河街觀光夜市,111
沙拉油,饒河街97號攤位,宜蘭蔥捲餅,台灣糖業股份有限公司,台南市仁德區田厝里文華路2段326號,饒河街觀光夜市,112
糖,饒河街97號攤位,宜蘭蔥捲餅,台灣糖業股份有限公司,台南市仁德區田厝里文華路2段326號,饒河街觀光夜市,113
醬油,饒河街97號攤位,宜蘭蔥捲餅,金蘭食品股份有限公司,桃園市大溪區介壽路236號,饒河街觀光夜市,114
鹽,饒河街97號攤位,宜蘭蔥捲餅,台鹽實業股份有限公司,苗栗縣通霄鎮內島里122號,饒河街觀光夜市,115
糖,饒河街119號攤位,天津北晟甘栗,台灣糖業股份有限公司,台南市仁德區田厝里文華路2段326號,饒河街觀光夜市,116
糖,饒河街121攤位,現打果汁,台灣糖業股份有限公司,台南市仁德區田厝里文華路2段326號,饒河街觀光夜市,117
糖,饒河街159號攤位,寶媽養生品,台灣糖業股份有限公司,台南市仁德區田厝里文華路2段326號,饒河街觀光夜市,118
巧克力,饒河街166號攤位,牛B葫蘆王,三多士股份有限公司,台北市大安區四維路208巷3-1號1樓,饒河街觀光夜市,119
白糖,饒河街166號攤位,牛B葫蘆王,台灣糖業股份有限公司,台南市仁德區田厝里文華路2段326號,饒河街觀光夜市,120
梅子粉,饒河街166號攤位,牛B葫蘆王,牛b葫蘆王總店,台中市西屯區文華路25之9號對面,饒河街觀光夜市,121
煉乳,饒河街166號攤位,牛B葫蘆王,盛發興食品股份有限公司,雲林縣斗六市斗六工業區民享街1號,饒河街觀光夜市,122
蜂蜜,饒河街166號攤位,牛B葫蘆王,牛b葫蘆王總店,台中市西屯區文華路25之9號對面,饒河街觀光夜市,123
沙拉油,饒河街171攤位,北京羊肉串,台灣糖業股份有限公司,台南市仁德區田厝里文華路2段326號,饒河街觀光夜市,124
蠔油,饒河街172攤位,北大洋深海大魷魚,金蘭食品股份有限公司,桃園市大溪區介壽路236號,饒河街觀光夜市,125
糖,饒河街173號攤位,特濃戀鮮乳,台灣糖業股份有限公司,台南市仁德區田厝里文華路2段326號,饒河街觀光夜市,126
果糖,饒河街182攤位,金桔檸檬,豐年豐和企業股份有限公司,台南市東區裕農路375號8樓,饒河街觀光夜市,127
糖,饒河街182攤位,金桔檸檬,台灣糖業股份有限公司,台南市仁德區田厝里文華路2段326號,饒河街觀光夜市,128
糖,饒河街177號攤位,和之屋脆皮雞蛋燒,台灣糖業股份有限公司,台南市仁德區田厝里文華路二段326號,饒河街觀光夜市,129
沙拉油,饒河街178攤位,花枝燒,美食家食材通路股份有限公司,台南市安平區永華路二段373號,饒河街觀光夜市,130
糖,饒河街180攤位,木瓜牛奶,台灣糖業股份有限公司,台南市仁德區田厝里文華路2段326號,饒河街觀光夜市,131
沙拉油,饒河街192號騎樓,甜心脆皮雞蛋糕,美食家食材通路股份有限公司,台南市安平區永華路二段373號,饒河街觀光夜市,132
糖,饒河街194號店面側邊,鄉淳布丁豆花,台灣糖業股份有限公司,台南市仁德區田厝里文華路2段326號,饒河街觀光夜市,133
糖,饒河街224攤位,QQ涼圓,台灣糖業股份有限公司,台南市仁德區田厝里文華路2段326號,饒河街觀光夜市,134
糖,饒河街224攤位,QQ涼圓,台灣糖業股份有限公司,台南市仁德區田厝里文華路2段326號,饒河街觀光夜市,135
七味唐辛,饒河街179號攤位,幸花明太子起司烤餅,新北市明志路三段145號34弄2樓,幸花明太子起司烤餅(總店),饒河街觀光夜市,136
海苔,饒河街179號攤位,幸花明太子起司烤餅,幸花明太子起司烤餅(總店),新北市明志路三段145號34弄2樓,饒河街觀光夜市,137
蒜味粉,饒河街179號攤位,幸花明太子起司烤餅,幸花明太子起司烤餅(總店),新北市明志路三段145號34弄2樓,饒河街觀光夜市,138
沙拉油,饒河街233號攤位,有夠讚特大雞排,美食家食材通路股份有限公司,台南市安平區永華路二段373號,饒河街觀光夜市,139
胡椒鹽,饒河街233號攤位,有夠讚特大雞排,老公仔標(統隆企業有限公司),台北市北投區立德路121巷18號,饒河街觀光夜市,140
辣椒粉,饒河街233號攤位,有夠讚特大雞排,統隆企業有限公司,台北市北投區立德路121巷18號,饒河街觀光夜市,141
沙拉油,饒河街251號攤位,爆醬菇寶寶,美食家食材通路股份有限公司,台南市安平區永華路二段373號,饒河街觀光夜市,142
胡椒粉,饒河街251號攤位,爆醬菇寶寶,小磨坊國際貿易股份有限公司 ,台中市西屯區工業區一路70號7樓之1,饒河街觀光夜市,143
香油,饒河街252號攤位,福德魯味,日發麻油行,新北市三重區仁昌街94號,饒河街觀光夜市,144
糖,饒河街252號攤位,福德魯味,台灣糖業股份有限公司,台南市仁德區田厝里文華路2段326號,饒河街觀光夜市,145
醬油,饒河街252號攤位,福德魯味,味全食品工業股份有限公司,台北市中山區松江路125號,饒河街觀光夜市,146
糖,饒河街254號攤位,杏花村,台灣糖業股份有限公司,台南市仁德區田厝里文華路2段326號,饒河街觀光夜市,147
胡椒粉,饒河街255攤位,難忘蟹肉,老公仔標(統隆企業有限公司),台北市北投區立德路121巷18號,饒河街觀光夜市,148
辣椒粉,饒河街255攤位,難忘蟹肉,老公仔標(統隆企業有限公司),台北市北投區立德路121巷18號,饒河街觀光夜市,149
胡椒粉,饒河街256號攤位,難忘蟹肉,老公仔標(統隆企業有限公司),台北市北投區立德路121巷18號,饒河街觀光夜市,150
辣椒粉,饒河街256號攤位,難忘蟹肉,老公仔標(統隆企業有限公司),台北市北投區立德路121巷18號,饒河街觀光夜市,151
冰糖,饒河街257攤位,大阿姨涼拌手撕雞,台灣糖業股份有限公司,台南市仁德區田厝里文華路2段326號,饒河街觀光夜市,152
香油,饒河街257攤位,大阿姨涼拌手撕雞,辰邦股份有限公司,新北市新莊區化成路403巷47號,饒河街觀光夜市,153
醬油,饒河街257攤位,大阿姨涼拌手撕雞,萬家香醬園股份有限公司,台北市中山區德惠街9號5樓之6,饒河街觀光夜市,154
沙拉油,饒河街264號攤位,QQ王子地瓜球,美食家(大統益股份有限公司),台南市官田區二鎮里工業西路32號,饒河街觀光夜市,155
醬油,饒河街265號攤位,大嘴巴空心鳳爪,金蘭食品股份有限公司,桃園市大溪區介壽路236號,饒河街觀光夜市,156
胡椒粉,饒河街266號攤位,永哥爆漿好吃雞腿捲,小磨坊國際貿易股份有限公司,台中市西屯工業區一路70號7樓之1,饒河街觀光夜市,157
醬油,饒河街269號攤位,越南美食,金蘭食品股份有限公司,桃園市大溪區介壽路236號,饒河街觀光夜市,158
醬油,饒河街274號攤位,金珍珠糯玉米,金蘭食品股份有限公司,桃園市大溪區介壽路236號,饒河街觀光夜市,159
沙拉油,饒河街285號攤位,蔙萵蔥餅,福壽實業股份有限公司,台中市沙鹿區沙田路45號,饒河街觀光夜市,160
香油,饒河街285號攤位,蔙萵蔥餅,福壽實業股份有限公司,台中市沙鹿區沙田路45號,饒河街觀光夜市,161
糖,饒河街285號攤位,蔙萵蔥餅,台灣糖業股份有限公司,台南市仁德區田厝里文華路2段326號,饒河街觀光夜市,162
鹽,饒河街285號攤位,蔙萵蔥餅,台鹽實業股份有限公司,苗栗縣通霄鎮內島里122號,饒河街觀光夜市,163
七味唐辛,饒河街286攤位,幸花明太子起司烤餅,幸花明太子起司烤餅(總店),新北市明志路三段145號34弄2樓,饒河街觀光夜市,164
海苔,饒河街286攤位,幸花明太子起司烤餅,幸花明太子起司烤餅(總店),新北市明志路三段145號34弄2樓,饒河街觀光夜市,165
蒜味粉,饒河街286攤位,幸花明太子起司烤餅,幸花明太子起司烤餅(總店),新北市明志路三段145號34弄2樓,饒河街觀光夜市,166
香油,饒河街287號攤位,雙保明小籠湯包,一滴香(辰邦股份有限公司),新北市新莊區化成路403巷47號,饒河街觀光夜市,167
糖,饒河街287號攤位,雙保明小籠湯包,台灣糖業股份有限公司,台南市仁德區田厝里文華路二段326號,饒河街觀光夜市,168
鹽,饒河街287號攤位,雙保明小籠湯包,台鹽實業股份有限公司,台南市南區健康路一段297號,饒河街觀光夜市,169
耐炸油,饒河街290號攤位,口袋吐司,美食家食材通路股份有限公司,台南市安平區永華路二段373號,饒河街觀光夜市,170
醬油,饒河街291號攤位,鮮烤魷魚,萬家香醬園股份有限公司,台北市中山區德惠街9號5樓之6,饒河街觀光夜市,171
糖,饒河街292攤位,大腸包小腸,台灣糖業股份有限公司,台南市仁德區田厝里文華路2段326號,饒河街觀光夜市,172
醬油,饒河街292攤位,大腸包小腸,萬家香醬園股份有限公司,台北市中山區德惠街9號5樓之6,饒河街觀光夜市,173
台糖,饒河街293號攤位,純天然愛玉仙草,台灣糖業股份有限公司,台南市仁德區田厝里文華路2段326號,饒河街觀光夜市,174
香油,饒河街294號攤位,大嘴巴空心鳳爪,福壽實業股份有限公司,台中市沙鹿區沙田路45號,饒河街觀光夜市,175
醬油,饒河街294號攤位,大嘴巴空心鳳爪,金蘭食品股份有限公司,桃園市大溪區介壽路236號,饒河街觀光夜市,176
甘草粉,饒河街306號攤位,呂小姐不一樣的情人果,勝元堂中藥,台北市大同區民生西路330號1樓,饒河街觀光夜市,177
梅粉,饒河街306號攤位,呂小姐不一樣的情人果,勝元堂中藥,台北市大同區民生西路330號1樓,饒河街觀光夜市,178
糖,饒河街306號攤位,呂小姐不一樣的情人果,台灣糖業股份有限公司,台南市仁德區田厝里文華路2段326號,饒河街觀光夜市,179
煉乳,饒河街56號攤位,爸拿那法式薄餅,盛發興食品股份有限公司,雲林縣斗六市斗六工業區民享街1號,饒河街觀光夜市,180
梅粉,饒河街317號攤位,芭樂嫂,林桔園蜜餞行,彰化縣員林市員水路二段390號,饒河街觀光夜市,181
奶油,饒河街319號攤位,小熊燒,小熊與樹糕點屋,台中市西屯區大安街31號,饒河街觀光夜市,182
巧克力,饒河街319號攤位,小熊燒,小熊與樹糕點屋,台中市西屯區大安街31號,饒河街觀光夜市,183
沙拉油,饒河街321號攤位,三明治,台灣糖業股份有限公司,台南市仁德區田厝里文華路2段326號,饒河街觀光夜市,184
糖,饒河街321號攤位,三明治,台灣糖業股份有限公司,台南市仁德區田厝里文華路2段326號,饒河街觀光夜市,185
蠔油,饒河街324號攤位,北大洋深海大魷魚 烤魷魚,萬家香醬園股份有限公司,台北市中山區德惠街9號5樓之6,饒河街觀光夜市,186
沙拉油,饒河街325號攤位,芋包芋,泰山企業股份有限公司,彰化縣田中鎮興工路6號,饒河街觀光夜市,187
胡椒粉,饒河街331號攤位,邱記10元碳烤,邱記企業社,新北市泰山區台麗街57號,饒河街觀光夜市,188
辣椒粉,饒河街331號攤位,邱記10元碳烤,邱記企業社,新北市泰山區台麗街57號,饒河街觀光夜市,189
沙茶醬,饒河街332號攤位,北港麻辣臭豆腐,牛頭牌(好帝一食品有限公司),台南市新市區大營里豐榮160號,饒河街觀光夜市,190
豆瓣醬,饒河街332號攤位,北港麻辣臭豆腐,哈哈醬園股份有限公司,高雄市岡山區仁壽南路110號,饒河街觀光夜市,191
豬油,饒河街332號攤位,北港麻辣臭豆腐,南松山市場,台北市松山區塔悠路40號,饒河街觀光夜市,192
糖,饒河街28號攤位,變態雞翅,台灣糖業股份有限公司,台南市仁德區田厝里文華路2段326號,饒河街觀光夜市,193
醬油,饒河街28號攤位,變態雞翅,萬家香醬園股份有限公司,台北市中山區德惠街9號5樓之6,饒河街觀光夜市,194
玫瑰鹽,饒河街334號攤位,頂級澳洲岩烤和牛,濟生股份有限公司,台北市大同區安西街116號,饒河街觀光夜市,195
黑胡椒粒,饒河街334號攤位,頂級澳洲岩烤和牛,濟生股份有限公司,台北市大同區安西街116號,饒河街觀光夜市,196
辣椒粉,饒河街334號攤位,頂級澳洲岩烤和牛,濟生股份有限公司,台北市大同區安西街116號,饒河街觀光夜市,197
胡椒粉,饒河街338號攤位,爆漿雞腿捲,飛馬牌(濟生股份有限公司),台北市大同區安西街116號,饒河街觀光夜市,198
黑糖,饒河街340號攤位,養生現壓甘蔗汁,南松山市場,台北市松山區塔悠路40號,饒河街觀光夜市,199
薑母,饒河街340號攤位,養生現壓甘蔗汁,南松山市場,台北市松山區塔悠路40號,饒河街觀光夜市,200
胡椒鹽,饒河街342號攤位,不一樣碳烤杏鮑菇,小磨坊國際貿易股份有限公司,台中市西屯區工業區一路70號7樓之1,饒河街觀光夜市,201
檸檬,饒河街342號攤位,不一樣碳烤杏鮑菇,小磨坊國際貿易股份有限公司,台中市西屯區工業區一路70號7樓之1,饒河街觀光夜市,202
醬油,饒河街342號攤位,不一樣碳烤杏鮑菇,金蘭食品股份有限公司,桃園市大溪區介壽路236號,饒河街觀光夜市,203
七味唐辛子,饒河街路中122號攤位,乙町翁日式岩燒,小磨坊國際貿易股份有限公司,台中市西屯區工業區一路70號7樓之1,饒河街觀光夜市,204
玫瑰鹽,饒河街路中122號攤位,乙町翁日式岩燒,台鹽實業股份有限公司,苗栗縣通霄鎮內島里122號,饒河街觀光夜市,205
芥末粉,饒河街路中122號攤位,乙町翁日式岩燒,小磨坊國際貿易股份有限公司,台中市西屯區工業區一路70號7樓之1,饒河街觀光夜市,206
糖,饒河街344號攤位,是茶非茶,台灣糖業股份有限公司,台南市仁德區田厝里文華路2段326號,饒河街觀光夜市,207
糖,饒河街117號攤位,港仔找茶,台灣糖業股份有限公司,台南市仁德區田厝里文華路2段326號,饒河街觀光夜市,208
胡椒鹽,饒河街328號攤位,不一樣碳烤杏鮑菇,小磨坊國際貿易股份有限公司,台中市西屯區工業區一路70號7樓之1,饒河街觀光夜市,209
檸檬,饒河街328號攤位,不一樣碳烤杏鮑菇,小磨坊國際貿易股份有限公司,台中市西屯區工業區一路70號7樓之1,饒河街觀光夜市,210
醬油,饒河街328號攤位,不一樣碳烤杏鮑菇,金蘭食品股份有限公司,桃園市大溪區介壽路236號,饒河街觀光夜市,211
醬油膏,饒河街192號店面前,串燒臭豆腐,新亞醬園,新北市蘆洲區長安街285巷18號1樓,饒河街觀光夜市,212
沙拉醬,饒河街231-右邊攤位,裕子燒,瑞西莎拉醬(維味香食品工廠),台南市六甲區龜港里142號,饒河街觀光夜市,213
鹽,饒河街231-左邊,極品鹽水雞,台鹽實業股份有限公司 ,台南市南區健康路1段297號,饒河街觀光夜市,214
糖,饒河街253號攤位,難忘米粉湯,台灣糖業股份有限公司,台南市仁德區田厝里文華路2段326號,饒河街觀光夜市,215
糖,饒河街337號攤位,糖戀愛,台灣糖業股份有限公司,台南市仁德區田厝里文華路2段326號,饒河街觀光夜市,216
香油,饒河街333號攤位,紅燒牛肉麵,辰邦股份有限公司,新北市新莊區化成路403巷47號,饒河街觀光夜市,217
醬油,饒河街333號攤位,紅燒牛肉麵,味王股份有限公司,台北市中山區中山北路二段79號6樓,饒河街觀光夜市,218
鹽,饒河街333號攤位,紅燒牛肉麵,台鹽實業股份有限公司,苗栗縣通霄鎮內島里122號,饒河街觀光夜市,219
沙拉油,臨江街5號對面,阿爸ㄟ蒜香雞,美食家食材通路股份有限公司,台南市安平區永華路二段373號,臨江街觀光夜市,437
調味粉,臨江街5號對面,阿爸ㄟ蒜香雞,丹騰美食,新北市中和區廣福路56巷2弄5號,臨江街觀光夜市,438
味精,臨江街2巷口,關東甜不辣,味全食品工業股份有限公司,台北市中山區松江路125號,臨江街觀光夜市,439
糖,臨江街2巷口,關東甜不辣,台灣糖業股份有限公司,台南市仁德區田厝里文華路2段326號,臨江街觀光夜市,440
醬油,臨江街2巷口,關東甜不辣,金蘭食品股份有限公司,桃園市大溪區介壽路236號,臨江街觀光夜市,441
鹽,臨江街2巷口,關東甜不辣,台鹽實業股份有限公司,苗栗縣通霄鎮內島里122號,臨江街觀光夜市,442
海苔,臨江街5號對面,冠魚蛋小屋,冠魚蛋小屋(總店),臺北市士林區大南路(士林廟口前),臨江街觀光夜市,443
調味粉,臨江街5號對面,冠魚蛋小屋,冠魚蛋小屋(總店),臺北市士林區大南路(士林廟口前),臨江街觀光夜市,444
檸檬,臨江街5號對面,冠魚蛋小屋,冠魚蛋小屋(總店),臺北市士林區大南路(士林廟口前),臨江街觀光夜市,445
糖,臨江街2號對面,臨江紅豆餅,新亞醬園,新北市蘆洲區長安街285巷18號1樓,臨江街觀光夜市,446
沙拉油,臨江街2號對面,雞婆脆皮雞排,美食家食材通路股份有限公司,台南市安平區永華路二段373號,臨江街觀光夜市,447
調味粉,臨江街2號對面,雞婆脆皮雞排,通隆商行,台北市大安區通化街39巷49弄1號,臨江街觀光夜市,448
地瓜粉,臨江街2號左側第三家,吳記排骨酥,中曼貿易股份有限公司,台北市大安區信義路四段296號12樓之3,臨江街觀光夜市,449
耐炸油,臨江街2號左側第三家,吳記排骨酥,美食家食材通路股份有限公司,台南市安平區永華路二段373號,臨江街觀光夜市,450
胡椒鹽,臨江街2號左側第三家,吳記排骨酥,通隆商行,台北市大安區通化街39巷49弄1號,臨江街觀光夜市,451
辣椒粉,臨江街2號左側第三家,吳記排骨酥,濟生股份有限公司,台北市大同區安西街116號,臨江街觀光夜市,452
檸檬汁,臨江街70-72號中間,正宗泰式涼拌木瓜,第一果菜批發市場,台北市萬華區萬大路533號,臨江街觀光夜市,453
香油,通化街70-72號中間,禎記滷味,辰邦股份有限公司,新北市新莊區化成路403巷47號,臨江街觀光夜市,454
糖,通化街70-72號中間,禎記滷味,台灣糖業股份有限公司,台南市仁德區田厝里文華路2段326號,臨江街觀光夜市,455
醬油,通化街70-72號中間,禎記滷味,金蘭食品股份有限公司,桃園市大溪區介壽路236號,臨江街觀光夜市,456
冰糖,臨江街70號旁邊,青草茶苦茶,台灣糖業股份有限公司,台南市仁德區田厝里文華路2段326號,臨江街觀光夜市,457
太白粉,臨江街81號右側,蚵仔煎,易順興雜糧行,台北市信義區基隆路一段360號,臨江街觀光夜市,458
地瓜粉,臨江街81號右側,蚵仔煎,易順興雜糧行,台北市信義區基隆路一段360號,臨江街觀光夜市,459
糖,臨江街81號右側,蚵仔煎,台灣糖業股份有限公司,台南市仁德區田厝里文華路2段326號,臨江街觀光夜市,460
沙拉油,臨江街83號前左,魷魚船,丹騰美食,新北市中和區廣福路56巷2弄5號,臨江街觀光夜市,461
調味粉,臨江街83號前左,魷魚船,丹騰美食,新北市中和區廣福路56巷2弄5號,臨江街觀光夜市,462
香油,臨江街87號之11號,麻油雞,辰邦股份有限公司,新北市新莊區化成路403巷47號,臨江街觀光夜市,463
醬油,臨江街87號之11號,麻油雞,金蘭食品股份有限公司,桃園市大溪區介壽路236號,臨江街觀光夜市,464
鹽,臨江街87號之11號,麻油雞,台鹽實業股份有限公司,苗栗縣通霄鎮內島里122號,臨江街觀光夜市,465
耐炸油,臨江街81號前,金酥臭豆腐,美食家食材通路股份有限公司,台南市安平區永華路二段373號,臨江街觀光夜市,466
醬油,臨江街81號前,金酥臭豆腐,永芳醬園股份有限公司,新北市永和區仁愛路141巷52號,臨江街觀光夜市,467
沙拉油,臨江街83號中間,難忘胡椒蝦,美食家食材通路股份有限公司,台南市安平區永華路二段373號,臨江街觀光夜市,468
胡椒鹽,臨江街83號中間,難忘胡椒蝦,易順興雜糧行,台北市信義區基隆路一段360號,臨江街觀光夜市,469
醬油,臨江街83號中間,難忘胡椒蝦,金蘭食品股份有限公司,桃園市大溪區介壽路236號,臨江街觀光夜市,470
沙拉油,臨江街81號右側,林記小辣椒魷魚羹,美食家食材通路股份有限公司,台南市安平區永華路二段373號,臨江街觀光夜市,471
味精,臨江街81號右側,林記小辣椒魷魚羹,味全食品工業股份有限公司,台北市中山區松江路125號,臨江街觀光夜市,472
糖,臨江街81號右側,林記小辣椒魷魚羹,台灣糖業股份有限公司,台南市仁德區田厝里文華路2段326號,臨江街觀光夜市,473
醬油,臨江街81號右側,林記小辣椒魷魚羹,金蘭食品股份有限公司,桃園市大溪區介壽路236號,臨江街觀光夜市,474
鹽,臨江街81號右側,林記小辣椒魷魚羹,台鹽實業股份有限公司,苗栗縣通霄鎮內島里122號,臨江街觀光夜市,475
沙拉油,臨江街83號中間,鳳梨蝦球,美食家食材通路股份有限公司,台南市安平區永華路二段373號,臨江街觀光夜市,476
沙拉油,臨江街100號中間,漢記地瓜球,美食家食材通路股份有限公司,台南市安平區永華路二段373號,臨江街觀光夜市,477
調味粉,臨江街100號中間,漢記地瓜球,易順興雜糧行,台北市信義區基隆路一段360號,臨江街觀光夜市,478
糖,臨江街100號中間,漢記地瓜球,台灣糖業股份有限公司,台南市仁德區田厝里文華路2段326號,臨江街觀光夜市,479
醬油,臨江街93號對面臨江街93號對面,純手工一口吃煎餃,新亞醬園,新北市蘆洲區長安街285巷18號1樓,臨江街觀光夜市,480
麻辣油,臨江街夜市路中攤位,麻辣魚蛋,蛋蛋達人麻辣魚蛋,新北市板橋區南雅東路(南雅夜市內),臨江街觀光夜市,481
鹽,臨江街夜市路中攤位,麻辣魚蛋,台鹽實業股份有限公司,苗栗縣通霄鎮內島里122號,臨江街觀光夜市,482
糖,臨江街入口,QQ涼圓,台灣糖業股份有限公司,台南市仁德區田厝里文華路2段326號,臨江街觀光夜市,483
沙拉油,臨江街83號,盈家鹽酥菇,美食家食材通路股份有限公司,台南市安平區永華路二段373號,臨江街觀光夜市,484
胡椒鹽,臨江街83號,盈家鹽酥菇,竹森堂中藥店,新北市永和區永和路二段249號,臨江街觀光夜市,485
糖,臨江街81號中間,曾阿婆豬血糕,台灣糖業股份有限公司,台南市仁德區田厝里文華路2段326號,臨江街觀光夜市,486
醬油,臨江街81號中間,曾阿婆豬血糕,味王股份有限公司,台北市中山區中山北路二段79號6樓,臨江街觀光夜市,487
沙拉油,臨江街2號店前,鳳記轟炸雞無骨鹽酥雞,美食家食材通路股份有限公司,台南市安平區永華路二段373號,臨江街觀光夜市,488
鹽,臨江街夜市入口處,澎湖花生台南菱角,台鹽實業股份有限公司,苗栗縣通霄鎮內島里122號,臨江街觀光夜市,489
沙拉油,臨江街69號前面,海炸王,美食家食材通路股份有限公司,台南市安平區永華路二段373號,臨江街觀光夜市,490
糖,臨江街69號前面,海炸王,台灣糖業股份有限公司,台南市仁德區田厝里文華路2段326號,臨江街觀光夜市,491
鹽,臨江街69號前面,海炸王,台鹽實業股份有限公司,苗栗縣通霄鎮內島里122號,臨江街觀光夜市,492
醬油,通化街70號側邊,碳烤玉米,金蘭食品股份有限公司,桃園市大溪區介壽路236號,臨江街觀光夜市,493
魚露,通化街70號側邊,慈記涼拌木瓜,洋民有限公司,桃園市蘆竹區長安路2段116號,臨江街觀光夜市,494
糖,通化街70號側邊,慈記涼拌木瓜,台灣糖業股份有限公司,台南市仁德區田厝里文華路2段326號,臨江街觀光夜市,495
味精,臨江街87之12號,鍾通化魷魚羹,味王股份有限公司,台北市中山區中山北路二段79號6樓,臨江街觀光夜市,496
糖,臨江街87之12號,鍾通化魷魚羹,台灣糖業股份有限公司,台南市仁德區田厝里文華路2段326號,臨江街觀光夜市,497
醬油,臨江街87之12號,鍾通化魷魚羹,福壽實業股份有限公司,台中市沙鹿區沙田路45號,臨江街觀光夜市,498
鹽,臨江街87之12號,鍾通化魷魚羹,台鹽實業股份有限公司,苗栗縣通霄鎮內島里122號,臨江街觀光夜市,499
沙拉油,臨江街83號旁,寶素齋,美食家食材通路股份有限公司,台南市安平區永華路二段373號,臨江街觀光夜市,500
香油,臨江街83號旁,寶素齋,小磨坊國際貿易股份有限公司,台中市西屯區工業區一路70號7樓之1,臨江街觀光夜市,501
糖,臨江街83號旁,寶素齋,台灣糖業股份有限公司,台南市仁德區田厝里文華路2段326號,臨江街觀光夜市,502
醬油,臨江街83號旁,寶素齋,新亞醬園,新北市蘆洲區長安街285巷18號1樓,臨江街觀光夜市,503
鹽,臨江街83號旁,寶素齋,台鹽實業股份有限公司,苗栗縣通霄鎮內島里122號,臨江街觀光夜市,504
沙拉油,臨江街81號右側巷內,蔡蚵嗲,美食家食材通路股份有限公司,台南市安平區永華路二段373號,臨江街觀光夜市,505
香油,臨江街81號右側巷內,蔡蚵嗲,小磨坊國際貿易股份有限公司,台中市西屯區工業區一路70號7樓之1,臨江街觀光夜市,506
糖,臨江街81號右側巷內,蔡蚵嗲,台灣糖業股份有限公司,台南市仁德區田厝里文華路2段326號,臨江街觀光夜市,507
醬油,臨江街81號右側巷內,蔡蚵嗲,金蘭食品股份有限公司,桃園市大溪區介壽路236號,臨江街觀光夜市,508
鹽,臨江街81號右側巷內,蔡蚵嗲,台鹽實業股份有限公司,苗栗縣通霄鎮內島里122號,臨江街觀光夜市,509
醬油,通化街70號側邊,碳烤串燒,金蘭食品股份有限公司,桃園市大溪區介壽路236號,臨江街觀光夜市,510
鹽,通化街70號側邊,碳烤串燒,台鹽實業股份有限公司,苗栗縣通霄鎮內島里122號,臨江街觀光夜市,511
甜辣醬,臨江街2號店前,芝麻園,三豐食品工廠,新北市新莊區化成路100號,臨江街觀光夜市,512
辣椒粉,臨江街2號店前,芝麻園,環球食品商行,嘉義縣民雄鄉興中村義橋1號之4,臨江街觀光夜市,513
醬油,臨江街2號店前,芝麻園,雙美人牌,台北市大同區環河北路一段331號,臨江街觀光夜市,514
沙拉油,臨江街2號店前,上海生煎包鍋貼,泰山企業股份有限公司,彰化縣田中鎮興工路6號,臨江街觀光夜市,515
鹽,臨江街2號店前,上海生煎包鍋貼,台鹽實業股份有限公司,苗栗縣通霄鎮內島里122號,臨江街觀光夜市,516
胡椒粉,臨江街7號店前,起司輪馬鈴薯,小磨坊國際貿易股份有限公司,台中市西屯區工業區一路70號7樓之1,臨江街觀光夜市,517
鹽,臨江街7號店前,起司輪馬鈴薯,台鹽實業股份有限公司,苗栗縣通霄鎮內島里122號,臨江街觀光夜市,518
沙拉油,臨江街1號店前,咖哩王子,泰山企業股份有限公司,彰化縣田中鎮興工路6號,臨江街觀光夜市,519
糖,臨江街1號店前,咖哩王子,台灣糖業股份有限公司,台南市仁德區田厝里文華路2段326號,臨江街觀光夜市,520
醬油,臨江街1號店前,咖哩王子,統萬股份有限公司,台南市東區中華東路二段193號18樓之12,臨江街觀光夜市,521
鹽,臨江街1號店前,咖哩王子,台鹽實業股份有限公司,苗栗縣通霄鎮內島里122號,臨江街觀光夜市,522
糖,臨江街92之1號前,九龍茶鋪,台灣糖業股份有限公司,台南市仁德區田厝里文華路2段326號,臨江街觀光夜市,523
格登炸雞,臨江街39巷50弄33號,格登炸雞,美食家食材通路股份有限公司,台南市安平區永華路二段373號,臨江街觀光夜市,524
胡椒,臨江街85號前,牛咩咩可麗餅,宏元食品行,台北市信義區松隆路50號一樓,臨江街觀光夜市,525
煉乳,臨江街85號前,印度拉茶,盛發興食品股份有限公司 ,雲林縣斗六市斗六工業區民享街1號,臨江街觀光夜市,526
沙拉油,臨江街83號路中,阿芳潤餅捲,台灣糖業股份有限公司,台南市仁德區田厝里文華路2段326號,臨江街觀光夜市,527
芥末粉,臨江街83號路中,阿芳潤餅捲,易順興雜糧行,台北市信義區基隆路一段360號,臨江街觀光夜市,528
辣椒醬,臨江街83號路中,阿芳潤餅捲,易順興雜糧行,台北市信義區基隆路一段360號,臨江街觀光夜市,529
糖,臨江街83號路中,阿芳潤餅捲,台灣糖業股份有限公司,台南市仁德區田厝里文華路2段326號,臨江街觀光夜市,530
淡煉乳,饒河街73號,橘象,盛發興食品股份有限公司,雲林縣斗六市榴中里民享街1號 新莊區五權五路19號,饒河街觀光夜市,532
糖,饒河街73號,橘象,台灣糖業股份有限公司,台南市仁德區田厝里文華路2段326號,饒河街觀光夜市,533
沙茶醬,饒河街345號路中,玉米哥直立式碳烤,勝益興食品有限公司,高雄市三民區遼北街7號,饒河街觀光夜市,603
糖,饒河街345號路中,玉米哥直立式碳烤,台灣糖業股份有限公司,台南市仁德區田厝里文華路2段326號,饒河街觀光夜市,604
醬油,饒河街345號路中,玉米哥直立式碳烤,新亞醬園,新北市蘆洲區長安街285巷18號1樓,饒河街觀光夜市,605
鹽,饒河街345號路中,玉米哥直立式碳烤,台鹽實業股份有限公司,苗栗縣通霄鎮內島里122號,饒河街觀光夜市,606
沙拉油,饒河街夜市路中348號,阿根脆皮臭豆腐,美食家食材通路股份有限公司,台南市安平區永華路二段373號,饒河街觀光夜市,607
蒜泥,饒河街夜市路中348號,阿根脆皮臭豆腐,環南市場,台北市萬華區環河南路二段245號,饒河街觀光夜市,608
糖,饒河街夜市路中348號,阿根脆皮臭豆腐,台灣糖業股份有限公司,台南市仁德區田厝里文華路2段326號,饒河街觀光夜市,609
醬油,饒河街夜市路中348號,阿根脆皮臭豆腐,西螺大同醬油股份有限公司,雲林縣斗六市工業區斗工二路39號,饒河街觀光夜市,610
鹽,饒河街夜市路中348號,阿根脆皮臭豆腐,台鹽實業股份有限公司,苗栗縣通霄鎮內島里122號,饒河街觀光夜市,611
沙拉油,饒河街192號前對面路中,大雞排,美食家食材通路股份有限公司,台南市安平區永華路二段373號,饒河街觀光夜市,627
味精,饒河街192號前對面路中,大雞排,味全食品工業股份有限公司,台北市中山區松江路125號,饒河街觀光夜市,628
胡椒粉等香料,饒河街192號前對面路中,大雞排,小磨坊國際貿易股份有限公司,台中市西屯區工業區一路70號7樓之1,饒河街觀光夜市,629
糖,饒河街192號前對面路中,大雞排,台灣糖業股份有限公司,台南市仁德區田厝里文華路2段326號,饒河街觀光夜市,630
醬油,饒河街192號前對面路中,大雞排,統一企業股份有限公司,台南市永康區鹽行里中正路301號,饒河街觀光夜市,631
鹽,饒河街192號前對面路中,大雞排,台鹽實業股份有限公司,苗栗縣通霄鎮內島里122號,饒河街觀光夜市,632
沙拉油,饒河街187號,瘋炸魷魚,美食家食材通路股份有限公司,台南市安平區永華路二段373號,饒河街觀光夜市,664
味精,饒河街187號,瘋炸魷魚,味全食品工業股份有限公司,台北市中山區松江路125號,饒河街觀光夜市,665
糖,饒河街187號,瘋炸魷魚,台灣糖業股份有限公司,台南市仁德區田厝里文華路2段326號,饒河街觀光夜市,666
醬油,饒河街187號,瘋炸魷魚,統一企業股份有限公司,台南市永康區鹽行里中正路301號,饒河街觀光夜市,667
鹽,饒河街187號,瘋炸魷魚,台鹽實業股份有限公司,苗栗縣通霄鎮內島里122號,饒河街觀光夜市,668
哇沙米,饒河街路中342、229號,台中新社菇,小磨坊國際貿易股份有限公司,台中市西屯區工業區一路70號7樓之1,饒河街觀光夜市,675
胡椒,饒河街路中342、229號,台中新社菇,小磨坊國際貿易股份有限公司,台中市西屯區工業區一路70號7樓之1,饒河街觀光夜市,676
新疆孜然,饒河街路中342、229號,台中新社菇,小磨坊國際貿易股份有限公司,台中市西屯區工業區一路70號7樓之1,饒河街觀光夜市,677
辣椒,饒河街路中342、229號,台中新社菇,小磨坊國際貿易股份有限公司,台中市西屯區工業區一路70號7樓之1,饒河街觀光夜市,678
糖,饒河街路中342、229號,台中新社菇,台灣糖業股份有限公司,台南市仁德區田厝里文華路2段326號,饒河街觀光夜市,679
檸檬椒鹽,饒河街路中342、229號,台中新社菇,小磨坊國際貿易股份有限公司,台中市西屯區工業區一路70號7樓之1,饒河街觀光夜市,680
醬油,饒河街路中342、229號,台中新社菇,金蘭食品股份有限公司,桃園市大溪區介壽路236號,饒河街觀光夜市,681
鹽,饒河街路中342、229號,台中新社菇,台鹽實業股份有限公司,苗栗縣通霄鎮內島里122號,饒河街觀光夜市,682
沙拉油,饒河街109號前路中,潤餅捲,福壽實業股份有限公司,台中市沙鹿區沙田路45號,饒河街觀光夜市,714
甜辣醬,饒河街109號前路中,潤餅捲,三豐食品工廠,新北市新莊區化成路100號,饒河街觀光夜市,715
玉米粒,饒河街109號,口?品臭豆腐,味全食品工業股份有限公司,台北市中山區松江路125號,饒河街觀光夜市,730
沙拉油,饒河街109號,口?品臭豆腐,大統益股份有限公司,台南市官田區二鎮里工業西路32號,饒河街觀光夜市,731
味精,饒河街109號,口?品臭豆腐,味全食品工業股份有限公司,台北市中山區松江路125號,饒河街觀光夜市,732
醬油,饒河街109號,口?品臭豆腐,金蘭食品股份有限公司,桃園市大溪區介壽路236號,饒河街觀光夜市,733
鹽,饒河街109號,口?品臭豆腐,台鹽實業股份有限公司,苗栗縣通霄鎮內島里122號,饒河街觀光夜市,734
玫瑰鹽,饒河街夜市路中334號,澳洲岩烤和牛,飛馬,臺灣,饒河街觀光夜市,735
玫瑰鹽,饒河街夜市路中334號,澳洲岩烤和牛,濟生股份有限公司,台北市大同區安西街116號,饒河街觀光夜市,736
胡椒粉,饒河街夜市路中334號,澳洲岩烤和牛,飛馬,臺灣,饒河街觀光夜市,737
胡椒粉,饒河街夜市路中334號,澳洲岩烤和牛,濟生股份有限公司,台北市大同區安西街116號,饒河街觀光夜市,738
麻辣粉,饒河街夜市路中334號,澳洲岩烤和牛,飛馬,臺灣,饒河街觀光夜市,739
麻辣粉,饒河街夜市路中334號,澳洲岩烤和牛,濟生股份有限公司,台北市大同區安西街116號,饒河街觀光夜市,740
芝麻,饒河街214號攤位,顏家寧夏手撕雞,家見企業有限公司,台北市大同區歸綏街234號1樓,饒河街觀光夜市,741
花生粉,饒河街214號攤位,顏家寧夏手撕雞,家見企業有限公司,台北市大同區歸綏街234號1樓,饒河街觀光夜市,742
香油,饒河街214號攤位,顏家寧夏手撕雞,信成油廠股份有限公司,台北市大同區民生西路96號,饒河街觀光夜市,743
蒜泥,饒河街214號攤位,顏家寧夏手撕雞,家見企業有限公司,台北市大同區歸綏街234號1樓,饒河街觀光夜市,744
糖,饒河街214號攤位,顏家寧夏手撕雞,台灣糖業股份有限公司,台南市仁德區田厝里文華路2段326號,饒河街觀光夜市,745
醬油,饒河街214號攤位,顏家寧夏手撕雞,萬家香醬園股份有限公司,台北市中山區德惠街9號5樓之6,饒河街觀光夜市,746
沙拉油,饒河街191號,施老板,松山農產行,台北市信義區虎林街48之2號,饒河街觀光夜市,874
辣椒粉,饒河街191號,施老板,松山農產行,台北市信義區虎林街48之2號,饒河街觀光夜市,875
糖,饒河街191號,施老板,松山農產行,台北市信義區虎林街48之2號,饒河街觀光夜市,876
鹽,饒河街191號,施老板,松山農產行,台北市信義區虎林街48之2號,饒河街觀光夜市,877
沙拉油,饒河街夜市路中236號,北方水煎包,美食家食材通路股份有限公司,台南市安平區永華路二段373號,饒河街觀光夜市,954
沙拉油,饒河街夜市路中236號,北方水煎包,美食家食材通路股份有限公司,台南市安平區永華路二段373號,饒河街觀光夜市,955
味精,饒河街夜市路中236號,北方水煎包,味丹企業股份有限公司,台中市沙鹿區興安路65號,饒河街觀光夜市,956
油膏,饒河街夜市路中236號,北方水煎包,新亞醬園有限公司,新北市蘆洲區長安街285巷18號1樓,饒河街觀光夜市,957
香油,饒河街夜市路中236號,北方水煎包,辰邦股份有限公司,新北市新莊區化成路403巷47號,饒河街觀光夜市,958
香油,饒河街夜市路中236號,北方水煎包,辰邦股份有限公司,新北市新莊區化成路403巷47號,饒河街觀光夜市,959
糖,饒河街夜市路中236號,北方水煎包,台灣糖業股份有限公司,台南市仁德區田厝里文華路2段326號,饒河街觀光夜市,960
醬油,饒河街夜市路中236號,北方水煎包,金蘭食品股份有限公司,桃園市大溪區介壽路236號,饒河街觀光夜市,961
鹽,饒河街夜市路中236號,北方水煎包,台鹽實業股份有限公司,苗栗縣通霄鎮內島里122號,饒河街觀光夜市,962
鹽,饒河街夜市路中236號,北方水煎包,台鹽實業股份有限公司,苗栗縣通霄鎮內島里122號,饒河街觀光夜市,963
沙拉油,南松山廣場,八爪轟炸鮮魷魚,美食家食材通路股份有限公司,台南市安平區永華路二段373號,饒河街觀光夜市,986
芥末,南松山廣場,八爪轟炸鮮魷魚,其美有限公司,台北市信義區松山路156之1號,饒河街觀光夜市,987
蒜泥,南松山廣場,八爪轟炸鮮魷魚,環南市場,台北市萬華區環河南路二段245號,饒河街觀光夜市,988
沙拉油,饒河街111號,韓樓豆腐鍋,大統益股份有限公司,台南市官田區二鎮里工業西路32號,饒河街觀光夜市,989
